<?xml version="1.0" encoding="UTF-8"?>
<project-private xmlns="http://www.netbeans.org/ns/project-private/1">
    <editor-bookmarks xmlns="http://www.netbeans.org/ns/editor-bookmarks/2" lastBookmarkId="0"/>
    <open-files xmlns="http://www.netbeans.org/ns/projectui-open-files/2">
        <group>
            <file>file:/E:/java/elec/src/elec/login.java</file>
            <file>file:/E:/java/elec/src/elec/person.java</file>
            <file>file:/E:/java/elec/src/elec/New_customer.java</file>
            <file>file:/E:/java/elec/src/monthly_consumtion.java</file>
            <file>file:/E:/java/elec/src/elec/operator.java</file>
            <file>file:/E:/java/elec/src/elec/conn.java</file>
            <file>file:/E:/java/elec/src/elec/Admin.java</file>
            <file>file:/E:/java/elec/src/elec/oldcustomer.java</file>
            <file>file:/E:/java/elec/src/elec/Elec.java</file>
        </group>
    </open-files>
</project-private>
